,Before Pruning,After Pruning
0,0.9904999732971191,0.992900013923645
1,0.9901000261306763,0.9921000003814697
