,Before Pruning,After Pruning
0,0.9894000291824341,0.9925000071525574
1,0.9911999702453613,0.9919999837875366
2,0.991100013256073,0.9923999905586243
3,0.9871000051498413,0.9911999702453613
4,0.9919999837875366,0.9926000237464905
5,0.9878000020980835,0.991100013256073
6,0.9882000088691711,0.9925000071525574
7,0.9915000200271606,0.9911999702453613
8,0.9868999719619751,0.9921000003814697
9,0.9916999936103821,0.9922999739646912
