,Unoptimized Weights,Optimized Weights
0,0.9765999913215637,0.9769999980926514
1,0.9753000140190125,0.975600004196167
