,Before Pruning,After Pruning
0,0.030565911903977394,0.027827007696032524
1,0.03500612452626228,0.028527365997433662
